id,block_order,block_type,layout_style,content_1_cn (左侧/主内容),content_1 _en(左侧/主内容),content_2_cn (右侧/次内容),content_2_en (右侧/次内容),,,,
20240515_lda,1,text_1col,align-center,"###项目概况
上海当代艺术博物馆(PSA)选址于2010年上海世博会未来馆，前身是始建于1897年的南市发电厂。它是中国大陆第一家公立当代艺术博物馆，主要收藏、展示和陈列1980年代以来的中国当代艺术作品。","###Project Overview
Shanghai Power Station of Art (PSA) is located in the former Pavilion of Future of the 2010 Shanghai Expo, originally the Nanshi Power Plant built in 1897. It is the first public contemporary art museum in mainland China, primarily collecting and exhibiting Chinese contemporary art since the 1980s.",,,,,,
20240515_lda,2,image_grid,1-2 (左大右小),"https://rdilighting.oss-cn-hongkong.aliyuncs.com/media/projects/shanghai-psa/02.webp,https://rdilighting.oss-cn-hongkong.aliyuncs.com/media/projects/shanghai-psa/03.webp",,,,,,,
20240515_lda,3,text_2col,50-50 (均分双栏),"###定位
从定位和整体策略上来说,现代艺术的展馆摒弃把环境打得很暗,将展品照得很亮的高对比照明手法,而是采用明亮、简洁的照明方式 [cite: 29]。","###Strategic
Strategically, it abandons the traditional high-contrast lighting of making the environment dark and exhibits bright, instead adopting a bright and concise lighting method[cite: 29].","###特色
一方面缓解视觉疲劳,另一方面更好地展示艺术品的特色 [cite: 29]。","###Feature
This relieves visual fatigue and better displays the characteristics of the artworks[cite: 29].",,,,
20240515_lda,4,image_full,full-width,https://rdilighting.oss-cn-hongkong.aliyuncs.com/media/projects/shanghai-psa/04.webp,,,,,,,
20240515_lda,5,text_img,text-left,"该博物馆于2012年10月1日开馆,是中国大陆第一家公立的当代艺术博物馆 [cite: 28]。本项目的设计目标是实现艺术品与观众之间的视觉互动,为观众提供舒适的光照环境 [cite: 28]。设计着眼于整个艺术博物馆中观众的流线和艺术品的展陈关系 [cite: 28]。","Opened on October 1, 2012, this is the first public contemporary art museum in mainland China[cite: 28]. The design goal is to realize visual interaction between artworks and audiences, providing a comfortable lighting environment[cite: 28]. The design focuses on the audience's circulation and the display relationship of the artworks[cite: 28]. ",https://rdilighting.oss-cn-hongkong.aliyuncs.com/media/projects/shanghai-psa/05.webp,,,,,
20240515_lda,6,image_grid,masonry (瀑布流)," https://rdilighting.oss-cn-hongkong.aliyuncs.com/media/projects/shanghai-psa/06.webp, https://rdilighting.oss-cn-hongkong.aliyuncs.com/media/projects/shanghai-psa/07.webp, https://rdilighting.oss-cn-hongkong.aliyuncs.com/media/projects/shanghai-psa/08.webp, https://rdilighting.oss-cn-hongkong.aliyuncs.com/media/projects/shanghai-psa/09.webp, https://rdilighting.oss-cn-hongkong.aliyuncs.com/media/projects/shanghai-psa/10.webp, https://rdilighting.oss-cn-hongkong.aliyuncs.com/media/projects/shanghai-psa/11.webp, https://rdilighting.oss-cn-hongkong.aliyuncs.com/media/projects/shanghai-psa/12.webp,",,,,,,,
20240422_sun,1,text_1col,align-center,"建筑外形设计理念来源于全新的设计文化以及当代的先锋包裹艺术 [cite: 8]。建筑幕墙大面积使用了折扇型的银灰色冲孔铝板,将原有建筑体包裹在内,整体外观在日间仿佛云彩般轻盈、灵动 [cite: 8]。照明设计意图将建筑形体的体量感以及通透感在夜间得以延续 [cite: 8]。方案在建筑外幕墙背后的框架结构上设置LED线条灯具,向内侧的实墙投光,将其均匀打亮作为内部背光 [cite: 9]。反射的光线透过外层的冲孔铝板,使建筑整体形成了好似轻盈,明亮的灯笼一般的灯光效果 [cite: 9]。室内空间的照明设计结合建筑空间语言,充分利用与调和自然采光与人工光,拟定了多种合理的照明场景模式 [cite: 9]。","The architectural design concept originates from new design culture and contemporary avant-garde wrapping art[cite: 8]. The curtain wall uses folded fan-shaped silver-gray perforated aluminum panels, wrapping the original building and making the exterior look light and agile like clouds during the day[cite: 8]. The lighting design continues this sense of volume and transparency at night[cite: 8]. LED linear lights are installed on the frame structure behind the exterior curtain wall to illuminate the solid wall inside, serving as internal backlighting[cite: 9]. Reflected light passes through the perforated panels, creating a bright lantern-like effect[cite: 9]. The interior lighting design combines architectural language, harmonizing natural and artificial light, and defines various rational lighting scene modes[cite: 9].",,,,,,
20240422_sun,2,image_grid,1-2 (左大右小)," https://rdilighting.oss-cn-hongkong.aliyuncs.com/media/projects/nanjing-baiyunting/01.webp, https://rdilighting.oss-cn-hongkong.aliyuncs.com/media/projects/nanjing-baiyunting/02.webp, ",,,,,,,
20240422_sun,3,image_grid,masonry (瀑布流),"https://rdilighting.oss-cn-hongkong.aliyuncs.com/media/projects/nanjing-baiyunting/02.webp, https://rdilighting.oss-cn-hongkong.aliyuncs.com/media/projects/nanjing-baiyunting/03.webp, https://rdilighting.oss-cn-hongkong.aliyuncs.com/media/projects/nanjing-baiyunting/04.webp, https://rdilighting.oss-cn-hongkong.aliyuncs.com/media/projects/nanjing-baiyunting/05.webp, https://rdilighting.oss-cn-hongkong.aliyuncs.com/media/projects/nanjing-baiyunting/06.webp, https://rdilighting.oss-cn-hongkong.aliyuncs.com/media/projects/nanjing-baiyunting/07.webp, https://rdilighting.oss-cn-hongkong.aliyuncs.com/media/projects/nanjing-baiyunting/08.webp, https://rdilighting.oss-cn-hongkong.aliyuncs.com/media/projects/nanjing-baiyunting/09.webp, https://rdilighting.oss-cn-hongkong.aliyuncs.com/media/projects/nanjing-baiyunting/10.webp, https://rdilighting.oss-cn-hongkong.aliyuncs.com/media/projects/nanjing-baiyunting/11.webp, https://rdilighting.oss-cn-hongkong.aliyuncs.com/media/projects/nanjing-baiyunting/12.webp, https://rdilighting.oss-cn-hongkong.aliyuncs.com/media/projects/nanjing-baiyunting/13.webp, https://rdilighting.oss-cn-hongkong.aliyuncs.com/media/projects/nanjing-baiyunting/14.webp",,,,,,,
20240410_mdw,1,text_1col,align-center,"上海自然博物馆建筑设计灵感来源于“螺”的壳体结构 [cite: 31]。与传统博物馆不同的是,自然光成为展厅的重要的光源之一 [cite: 11]。在照明设计中,制定了视觉与展示、生态与科学、低炭与绿色三大原则 [cite: 12]。考虑到人工光和自然光的交接与转化过程中的视觉舒适性,采用了透视幕帘巧妙平衡室内展示照明和室外自然光,既可欣赏馆外景观,又避免高对比眩光 [cite: 14]。同时通过智能控制系统根据白天自然光的变化调节合适的照明等级 [cite: 14]。针对不同主题展厅灵活应用LED投射灯、深色导轨灯、发光灯箱等多种手段 [cite: 13, 14, 16],并严格控制对光敏感展品（皮毛、动物标本等）的曝光量 [cite: 12]。","The architectural design of the Shanghai Natural History Museum is inspired by the nautilus shell structure[cite: 31]. Unlike traditional museums, natural light is an important light source for the exhibition halls[cite: 11]. The lighting design follows three principles: visual and display, ecological and scientific, and low-carbon and green[cite: 12]. To ensure visual comfort during the transition between artificial and natural light, perspective curtains are used to ingeniously balance indoor exhibition lighting and outdoor natural light, allowing outside views while avoiding high-contrast glare[cite: 14]. An intelligent control system adjusts appropriate lighting levels based on natural daylight changes[cite: 14]. Various methods such as LED projection lights, dark track lights, and luminous light boxes are flexibly applied to different thematic exhibition halls [cite: 13, 14, 16], while strictly controlling the exposure of light-sensitive exhibits (fur, specimens, etc.)[cite: 12].",,,,,,
20240410_mdw,2,image_grid,masonry (瀑布流)," https://rdilighting.oss-cn-hongkong.aliyuncs.com/media/projects/shanghai-nhm/01.webp, https://rdilighting.oss-cn-hongkong.aliyuncs.com/media/projects/shanghai-nhm/02.webp, https://rdilighting.oss-cn-hongkong.aliyuncs.com/media/projects/shanghai-nhm/03.webp, https://rdilighting.oss-cn-hongkong.aliyuncs.com/media/projects/shanghai-nhm/04.webp, https://rdilighting.oss-cn-hongkong.aliyuncs.com/media/projects/shanghai-nhm/05.webp, https://rdilighting.oss-cn-hongkong.aliyuncs.com/media/projects/shanghai-nhm/06.webp, https://rdilighting.oss-cn-hongkong.aliyuncs.com/media/projects/shanghai-nhm/07.webp, https://rdilighting.oss-cn-hongkong.aliyuncs.com/media/projects/shanghai-nhm/08.webp, https://rdilighting.oss-cn-hongkong.aliyuncs.com/media/projects/shanghai-nhm/09.webp, https://rdilighting.oss-cn-hongkong.aliyuncs.com/media/projects/shanghai-nhm/10.webp, https://rdilighting.oss-cn-hongkong.aliyuncs.com/media/projects/shanghai-nhm/11.webp, https://rdilighting.oss-cn-hongkong.aliyuncs.com/media/projects/shanghai-nhm/12.webp,",,,,,,,
20240315_lw,1,text_1col,align-center,"郑州绿地中心高280米,外形充满了东方特色 [cite: 25]。照明设计考虑的第一要素是采光,特别是解决21层高、位于建筑中上部的酒店大堂采光问题 [cite: 25]。设计在塔顶正中间设置了一个开口,利用倾角控制的镜面反射材料,将阳光最大量地引入建筑物内部中庭并漫射开来 [cite: 26]。在夜间,镜面材料结构还能够结合灯光呈现出烟花一般的形态效果 [cite: 26]。在建筑外观照明方面,针对带有转折角度的幕墙,上部采用较窄的光束角,下部采用较宽的光束角,将灯具隐藏在每段平台上,使光和建筑自然协调统一 [cite: 26]。","Zhengzhou Greenland Center is 280 meters tall with an Oriental-style exterior[cite: 25]. The primary consideration of the lighting design was natural daylighting, specifically solving the lighting for the 21-story hotel lobby located in the upper middle of the building[cite: 25]. An opening was created in the center of the tower's top, using angle-controlled mirror reflective materials to guide maximum sunlight into the building's atrium where it diffuses[cite: 26]. At night, this mirrored structure combines with lighting to create a firework-like effect[cite: 26]. For exterior lighting, on curtain walls with turning angles, narrow beam angles were used for the upper part and wide beam angles for the lower part[cite: 26]. Fixtures are hidden on platforms to harmonize light and architecture naturally[cite: 26].",,,,,,
20240315_lw,2,image_grid,masonry (瀑布流)," https://rdilighting.oss-cn-hongkong.aliyuncs.com/media/projects/zhengzhou-greenland/01.webp, https://rdilighting.oss-cn-hongkong.aliyuncs.com/media/projects/zhengzhou-greenland/02.webp, https://rdilighting.oss-cn-hongkong.aliyuncs.com/media/projects/zhengzhou-greenland/03.webp, https://rdilighting.oss-cn-hongkong.aliyuncs.com/media/projects/zhengzhou-greenland/04.webp, https://rdilighting.oss-cn-hongkong.aliyuncs.com/media/projects/zhengzhou-greenland/05.webp, https://rdilighting.oss-cn-hongkong.aliyuncs.com/media/projects/zhengzhou-greenland/06.webp, https://rdilighting.oss-cn-hongkong.aliyuncs.com/media/projects/zhengzhou-greenland/07.webp, https://rdilighting.oss-cn-hongkong.aliyuncs.com/media/projects/zhengzhou-greenland/08.webp, https://rdilighting.oss-cn-hongkong.aliyuncs.com/media/projects/zhengzhou-greenland/09.webp, https://rdilighting.oss-cn-hongkong.aliyuncs.com/media/projects/zhengzhou-greenland/10.webp, https://rdilighting.oss-cn-hongkong.aliyuncs.com/media/projects/zhengzhou-greenland/11.webp, https://rdilighting.oss-cn-hongkong.aliyuncs.com/media/projects/zhengzhou-greenland/12.webp,",,,,,,,
20240228_rbo,1,text_1col,align-center,"成都""绿地·航校""项目（售楼部）由英国UA建筑设计有限公司设计，设计理念来源于丝绸飘带，景观设计使用红色飘带贯穿整个园区，而建筑则像是飘带包围隆起，整体的建筑与景观联系在一起没有界限，像一件舞动的雕塑品。照明方案进一步强化飘带的这一理念，灯光只为让飘带的形式在夜间舞动起来，富有动感。设计方式，我们通过对建筑各个视角的分析，确定出比较重要的几个视角面，并通过确定重要视角与次要视角来确定灯点布置的密度，节约了相当大的成本。对建筑进行了多层的设计与考量。在雕塑的形体与飘带的形式上进行了强调。通过虚实的亮暗关系，精确了对投光灯的定位与造型。塑造了雕塑般的建筑形体表达；同时利用流动的LED灯点光晕，营造""当空舞长袖""的意境。",,,,,,,
20240210_lfo,1,text_1col,align-center,"吴江宾馆始建于1992年2月，2012年11月进行二期改扩建工程。作为吴江区内的老牌餐饮代表，吴江宾馆拥有着得天独厚的地域优势，宾馆选址吴江区核心地段，地处鲈乡南路南侧，四通八达，一湾浅水萦绕，身处闹市而独揽幽静。得江南水乡灵气滋养，雅致舒适，服务一流，多年来一直享有""食在江宾 誉满江城""美誉。吴江宾馆具有苏州古典建筑和西洋园林相结合的建筑风格，通过照明的亮度分级刻画古典建筑的群落空间层次，利用隐藏在窗台的非对称配光线条灯，强调出挑深远的屋顶、斗拱、檐廊等建筑构件受到不同方向的光线强调，显现出丰富的立体层次关系，与漏窗、入口、以及连接各幢楼宇的长廊，形成分风格鲜明的照明效果。景观照明中，与廊桥的边界进行了光色的晕染，配合落于水面的建筑夜景倒影，相映成趣。庭院内假山林立、奇花异木、绿草成为重要的照明元素，为夜间的吴江宾馆营造出翠绿掩映、回清倒影、人影绰绰、山光水色的典雅环境。",,,,,,,
20250909_exh,1,text_1col,align-center,卜石艺术馆是一家专注于当代艺术收藏、展示与研究的民营艺术机构，致力于推动中国当代艺术的发展与交流。艺术馆的照明设计核心围绕艺术品的展示需求展开，以精准的光影控制，为艺术品营造出最佳的观赏环境，同时兼顾空间的艺术氛围与观众的参观体验。通过对不同展陈区域的亮度、色温、光束角的精细化设计，实现了艺术品与空间的完美融合，让观众在舒适的光环境中沉浸式感受艺术的魅力。,,,,,,,
20260515_cau,1,text_1col,align-center,"淄博万象汇是华润置地在淄博打造的大型商业综合体项目，是当地标杆性的商业地标。项目的照明设计以""活力、时尚、舒适""为核心，结合商业空间的功能布局与人流动线，进行了全场景的光影设计。从入口大堂、中庭、连廊到各楼层的商铺区域，通过差异化的照明策略，营造出丰富的空间层次与商业氛围，同时兼顾了照明的功能性与节能性。精准的灯光控制不仅提升了空间的视觉品质，也为消费者带来了舒适的购物体验，助力商业空间的价值提升。",,,,,,,
20260501_ld,1,text_1col,align-center,"淄博万象汇是华润置地在淄博打造的大型商业综合体项目，是当地标杆性的商业地标。项目的照明设计以""活力、时尚、舒适""为核心，结合商业空间的功能布局与人流动线，进行了全场景的光影设计。从入口大堂、中庭、连廊到各楼层的商铺区域，通过差异化的照明策略，营造出丰富的空间层次与商业氛围，同时兼顾了照明的功能性与节能性。精准的灯光控制不仅提升了空间的视觉品质，也为消费者带来了舒适的购物体验，助力商业空间的价值提升。",,,,,,,
