列号,A,B,C,D,E,F,G,H,I,J,,
字段名 (填在第一行),no,id,title_cn,title_en,tags_cn,tags_en,image,aspect,span,date,seo_meta,geo_entities
填写说明与示例,唯一的数字编号指示符,(极其重要) 填入新闻的英文缩写。必须与 OSS 里的文件夹名称完全一模一样。,新闻中文标题,新闻英文标题,中文标签（多个用英文逗号隔开）,英文标签,封面大图,"九宫格单元视觉比例 (如 aspect-square, aspect-video)",九宫格网格跨越比 (如 md:col-span-2 或空),新闻发表日期,,
网页排版作用,,用于生成网页专属链接 (如 rdilighting.com/news/1)。,生成网页中文大标题。,"生成网页英文副标题,AI 会自动处理中英文字体的优雅组合。",网页顶部的中文分类筛选器。,网页顶部的英文分类筛选器。,,,,,,
是否选填,必填,必填,必填,必填,选填,选填,必填,选填,选填,必填,,
,1,20260515_caup_light_show_p1,CAUP光影秀闪耀，致敬2026国际光日（上）,CAUP Light Show Shines Paying Tribute to 2026 International Day of Light (Part 1),展览,Exhibition,https://rdilighting.oss-cn-hongkong.aliyuncs.com/news/20260515_caup_light_show_p1/01.webp,3:4,col-span-2 row-span-2,2026-05,"""slug: 20260515_caup_light_show_p1 | title_cn: 同济CAUP光影秀致敬2026国际光日上篇 | title_en: Tongji CAUP Light Show Pays Tribute to 2026 International Day of Light Part 1 | desc_cn: 同济大学建筑与城市规划学院学子以光为媒介呈现沉浸式光影交互实践。 | desc_en: Students from Tongji CAUP present an immersive interactive light show as a tribute to the International Day of Light.""","""CN_Entities: 建筑物理光环境;3D Mapping;AI创意编程;数据可视化;生物电感知 | EN_Entities: Architectural Physics Light Environment;3D Mapping;AI Creative Programming;Data Visualization;Bioelectric Perception"""
,2,20260529_alighting_award,荣获阿拉丁神灯奖,Winning the Alighting Award,奖项,Award,https://rdilighting.oss-cn-hongkong.aliyuncs.com/news/20260529_alighting_award/01.webp, aspect-square,col-span-1 row-span-1,2026-05,"""slug: 20260529_alighting_award | title_cn: 荣获第十四届阿拉丁神灯奖全国最佳照明工程奖 | title_en: Winning the 14th Alighting Award for Best National Lighting Project | desc_cn: 我司上海西岸梦中心项目凭借内光外透等设计手法荣获全国最佳照明工程奖。 | desc_en: Our Shanghai West Bund Dream Center project won the Best National Lighting Project award with its internal light transmitting outward design.""","""CN_Entities: 阿拉丁神灯奖;全国最佳照明工程奖;上海西岸梦中心;内光外透;百年工业遗址 | EN_Entities: Alighting Award;Best National Lighting Project;Shanghai West Bund Dream Center;Internal light transmitting outward;Century-old industrial heritage"""
,3,20260516_caup_light_show_p2,光语无形 智感共生丨CAUP光影秀闪耀，致敬2026国际光日（下）,Formless Light Language Symbiotic Intelligence | CAUP Light Show Shines Paying Tribute to 2026 International Day of Light (Part 2),展览,Exhibition,https://rdilighting.oss-cn-hongkong.aliyuncs.com/news/20260516_caup_light_show_p2/01.webp, aspect-square,col-span-1 row-span-1,2026-05,"""slug: 20260516_caup_light_show_p2 | title_cn: 同济CAUP光影秀致敬2026国际光日下篇 | title_en: Tongji CAUP Light Show Pays Tribute to 2026 International Day of Light Part 2 | desc_cn: 2026年建筑物理光环境课程作业展示评审活动下篇，展示了自然生命与数据的光影表达。 | desc_en: Part 2 of the 2026 Architectural Physics Light Environment course exhibition showcasing the lighting expressions of natural life and data.""","""CN_Entities: 缪斯设计奖;上海国际光影节;徐汇西岸浦岸云潮;龙美术馆天地大观展陈照明;天地八卦 | EN_Entities: MUSE Design Awards;Shanghai International Light Festival;Xuhui West Bund Pu An Yun Chao;Long Museum Exhibition Lighting;Eight Trigrams of Heaven and Earth"""
,4,20260316_muse_design_award,荣获美国MUSE设计奖,Winning the American MUSE Design Award,奖项,Award,https://rdilighting.oss-cn-hongkong.aliyuncs.com/news/20260316_muse_design_award/01.webp, aspect-square,col-span-1 row-span-1,2026-03,"""slug: 20260316_muse_design_award | title_cn: 我司荣获美国MUSE设计奖 | title_en: Winning the American MUSE Design Award | desc_cn: 凭借上海国际光影节装置及龙美术馆展陈照明项目，我司荣获设计界奥斯卡缪斯设计奖。 | desc_en: We won the MUSE Design Award for our installations at the Shanghai International Light Festival and exhibition lighting at the Long Museum.""","""CN_Entities: 国际光日;建筑物理光环境课程;数据可视化设计;人体生理数据 | EN_Entities: International Day of Light;Architectural Physics Light Environment Course;Data Visualization Design;Human Physiological Data"""
,5,20260211_rdi_annual_meeting,光影砺行 瑞启新程-年会,Light and Shadow Forge Ahead Rui Opens a New Journey - Annual Meeting,节日,Festival,https://rdilighting.oss-cn-hongkong.aliyuncs.com/news/20260211_rdi_annual_meeting/01.webp, aspect-square,col-span-1 row-span-1,2026-02,"""slug: 20260211_rdi_annual_meeting | title_cn: RDI瑞国际照明设计2025年度年会 | title_en: RDI International Lighting Design 2025 Annual Meeting | desc_cn: RDI全体同仁欢聚一堂举行2025年度年会，坚持技术创新携手共赴新程。 | desc_en: RDI colleagues gathered to hold the 2025 annual meeting insisting on technological innovation to start a new journey.""","""CN_Entities: RDI瑞国际照明设计;2025年度年会;技术创新 | EN_Entities: RDI International Lighting Design;2025 Annual Meeting;Technical innovation"""
,6,20250604_muse_awards,荣获多项美国MUSE设计奖,Won Multiple MUSE Design Awards,奖项,Award,https://rdilighting.oss-cn-hongkong.aliyuncs.com/news/20250604_muse_awards/01.webp, aspect-square,col-span-1 row-span-1,2025-06,"""slug: 20250604_muse_awards | title_cn: 荣获多项美国MUSE设计奖 | title_en: Won Multiple MUSE Design Awards | desc_cn: 我司荣获缪斯设计奖2项铂奖、2项金奖、1项银奖，包括宸嘉100、徐汇西岸光影装置等。 | desc_en: Won 2 Platinum, 2 Gold, and 1 Silver at MUSE Design Awards for projects including Qiantan Taikoo Li."" ","""CN_Entities: 缪斯设计奖;宸嘉100;徐汇滨江;前滩太古里;3000K色温 | EN_Entities: MUSE Design Awards; Qiantan Taikoo Li; 3000K Color Temperature"""
,7,20250708_shanghai_light_fest,我为“上海国际光影节徐汇分会场”献一计,My Suggestion for Shanghai Int'l Light Festival,论坛,Forum,https://rdilighting.oss-cn-hongkong.aliyuncs.com/news/20250708_shanghai_light_fest/01.webp, aspect-square,col-span-1 row-span-1,2025-07,"""slug: 20250708_shanghai_light_fest | title_cn: 上海国际光影节徐汇分会场圆桌会 | title_en: Shanghai International Light Festival Roundtable | desc_cn: 设计副总监金绮樱受邀参加光影节圆桌会，分享轻餐饮体系规划与光影衍生品方案。 | desc_en: Director shared planning ideas for the light festival."" ","""CN_Entities: 上海国际光影节;光谱艺汇;西岸滨江;AI生成技术 | EN_Entities: Shanghai International Light Festival; West Bund; AI technology"""
,8,20230403_muse_award,荣获美国MUSE设计奖,Won MUSE Design Award,奖项,Award,https://rdilighting.oss-cn-hongkong.aliyuncs.com/news/20230403_muse_award/01.webp,3:4,col-span-1 row-span-1,2023-04,"""slug: 20230403_muse_award | title_cn: 上海旭辉企业大厦荣获MUSE金奖 | title_en: CIFI TOWER Wins MUSE Gold Award | desc_cn: 旭辉企业大厦凭借融于城市肌理的灵动灯光设计荣获2023美国MUSE缪斯设计奖金奖。 | desc_en: CIFI TOWER won the 2023 MUSE Gold Award for its dynamic lighting."" ","""CN_Entities: MUSE缪斯设计奖;上海旭辉企业大厦;CIFI TOWER | EN_Entities: MUSE Design Awards; CIFI TOWER"""
,9,20250616_aald_award,荣获AALD亚洲照明设计奖,Won AALD Asian Lighting Design Award,奖项,Award,https://rdilighting.oss-cn-hongkong.aliyuncs.com/news/20250616_aald_award/01.webp, aspect-square,col-span-1 row-span-1,2025-06,"""slug: 20250616_aald_award | title_cn: 荣获AALD亚洲照明设计奖优异之光 | title_en: Won AALD Asian Lighting Design Award | desc_cn: 宸嘉100与前滩太古商业入口装置斩获亚洲照明设计奖1项优异之光和1项非凡之光。 | desc_en: Won excellent and extraordinary light honors at AALD."" ","""CN_Entities: 亚洲照明设计奖;前滩太古里;嘉佰道;3000K-3500K色温 | EN_Entities: AALD; Qiantan Taikoo Li; 3000K-3500K"""
,10,20250919_xujiahui_park,徐家汇公园光污染防控及健康照明示范成果获多家官方媒体聚焦报道,Xujiahui Park Lighting Demo Covered by Media,展览,Exhibition,https://rdilighting.oss-cn-hongkong.aliyuncs.com/news/20250919_xujiahui_park/01.webp, aspect-square,col-span-2 row-span-2,2025-09,"""slug: 20250919_xujiahui_park | title_cn: 徐家汇公园健康照明示范获媒体报道 | title_en: Xujiahui Park Lighting Featured by Media | desc_cn: 徐家汇公园“亮得健康”理念及飞碟灯控光技术引解放日报等多家官媒竞相报道。 | desc_en: Xujiahui Park's healthy lighting was featured by major media."" ","""CN_Entities: 徐家汇公园;光污染防控;飞碟灯;弹幕跑道;健康照明 | EN_Entities: Xujiahui Park; Light Pollution Control; Healthy Lighting"""
,11,20251218_ida_awards,荣获多项美国IDA国际设计大奖,Won Multiple IDA International Design Awards,奖项,Award,https://rdilighting.oss-cn-hongkong.aliyuncs.com/news/20251218_ida_awards/01.webp, aspect-square,col-span-1 row-span-1,2025-12,"""slug: 20251218_ida_awards | title_cn: 荣获IDA国际设计大奖 | title_en: Won IDA International Design Awards | desc_cn: 弘美术馆、苏州保利紫金翡丽甲第获金奖，宸嘉100获银奖。 | desc_en: Hong Art Museum and others won IDA awards."" ","""CN_Entities: IDA国际设计大奖;弘美术馆;保利紫金翡丽甲第;宸嘉100 | EN_Entities: International Design Awards (IDA)"""
,12,20250401_ida_awards,荣获多项美国IDA国际设计大奖,Won Multiple IDA International Design Awards,奖项,Award,https://rdilighting.oss-cn-hongkong.aliyuncs.com/news/20250401_ida_awards/01.webp, aspect-square,col-span-1 row-span-1,2025-04,"""slug: 20250401_ida_awards | title_cn: 静安雕塑公园等项目荣获IDA大奖 | title_en: Jing'an Sculpture Park wins IDA | desc_cn: 上海静安雕塑公园、杭州中心荣获金奖，上海天空之城获银奖。 | desc_en: Jing'an Sculpture Park and Hangzhou Centre won IDA gold."" ","""CN_Entities: 静安雕塑公园;杭州中心;天空之城;4000K色温 | EN_Entities: Jing'an Sculpture Park; 4000K Color Temperature"""
,13,20251110_zhongzhao_award,荣获第二十届中照照明奖,Won 20th China Lighting Award,奖项,Award,https://rdilighting.oss-cn-hongkong.aliyuncs.com/news/20251110_zhongzhao_award/01.webp, aspect-square,col-span-1 row-span-1,2025-11,"""slug: 20251110_zhongzhao_award | title_cn: 荣获第二十届中照照明奖 | title_en: Won the 20th China Lighting Award | desc_cn: 大飞机园泛光照明获二等奖，豫园灯光秀及杭州中心获三等奖。 | desc_en: Won the 20th China Lighting Award for multiple projects."" ","""CN_Entities: 中照照明奖;大飞机园;豫园灯光秀;杭州中心 | EN_Entities: China Lighting Award; Yuyuan Garden"""
,14,20231025_news_share,近期动态分享,Recent Updates and Sharing,论坛,Forum,https://rdilighting.oss-cn-hongkong.aliyuncs.com/news/20231025_news_share/01.webp,3:4,col-span-1 row-span-2,2023-10,"""slug: 20231025_news_share | title_cn: 控江中学论坛及央美客座讲师分享 | title_en: Recent News and Academic Sharing | desc_cn: 胡国剑参加控江中学论坛并受聘为央美研究生导师；金绮樱参加长三角博物馆光环境论坛。 | desc_en: RDI updates on academic sharing and forum attendance."" ","""CN_Entities: 数字化光环境;中央美术学院;长三角照明科技论坛 | EN_Entities: Central Academy of Fine Arts"""
,15,20231211_magnolia_award,荣获多项白玉兰照明奖,Won Multiple Magnolia Lighting Awards,奖项,Award,https://rdilighting.oss-cn-hongkong.aliyuncs.com/news/20231211_magnolia_award/01.webp, aspect-square,col-span-1 row-span-1,2023-12,"""slug: 20231211_magnolia_award | title_cn: 荣获白玉兰照明奖 | title_en: Won Magnolia Lighting Awards | desc_cn: 苏州嘉德宥爱艺术中心获金奖，太古里、豫园等获银奖。 | desc_en: Suzhou Jiade You'ai Art Center won the gold Magnolia Lighting Award."" ","""CN_Entities: 白玉兰照明奖;嘉德宥爱艺术中心;前滩太古里;豫园 | EN_Entities: Magnolia Lighting Award; Taikoo Li"""
,16,20230911_muse_awards,荣获多项美国MUSE设计奖,Won Multiple MUSE Design Awards,奖项,Award,https://rdilighting.oss-cn-hongkong.aliyuncs.com/news/20230911_muse_awards/01.webp, aspect-square,col-span-1 row-span-1,2023-09,"""slug: 20230911_muse_awards | title_cn: 再获MUSE设计大奖 | title_en: Won MUSE Design Awards Again | desc_cn: 豫园楼宇灯光项目及太古里等斩获MUSE大奖1白金3金2银。 | desc_en: Yuyuan lighting and Taikoo Li won MUSE awards."" ","""CN_Entities: MUSE设计奖;豫园;前滩太古里;桃浦智创广场;颂艺术中心 | EN_Entities: MUSE Design Awards; Yuyuan; Taikoo Li"""
,17,20240329_muse_awards,荣获多项美国MUSE设计奖,Won Multiple MUSE Design Awards,奖项,Award,https://rdilighting.oss-cn-hongkong.aliyuncs.com/news/20240329_muse_awards/01.webp, aspect-square,col-span-1 row-span-1,2024-03,"""slug: 20240329_muse_awards | title_cn: 2024MUSE设计奖揭晓 | title_en: 2024 MUSE Design Awards | desc_cn: 上海静安雕塑公园、安远桥、上海影城修缮项目等获4项金奖。 | desc_en: Jing'an Sculpture Park and others won 4 MUSE gold awards."" ","""CN_Entities: 缪斯设计奖;静安雕塑公园;安远桥;上海影城;4000K | EN_Entities: MUSE Design Awards; LED"""
,18,20230710_credaward,第九届CREDAWARD地产设计大奖颁奖盛典,9th CREDAWARD Ceremony,奖项,Award,https://rdilighting.oss-cn-hongkong.aliyuncs.com/news/20230710_credaward/01.webp,3:4,col-span-1 row-span-1,2023-07,"""slug: 20230710_credaward | title_cn: 第九届CREDAWARD大奖 | title_en: 9th CREDAWARD Ceremony | desc_cn: 上海天文馆项目及上海中信泰富广场荣获CREDAWARD金奖及优秀奖。 | desc_en: Shanghai Astronomy Museum won gold at CREDAWARD."" ","""CN_Entities: CREDAWARD;地产设计大奖;上海天文馆;中信泰富广场 | EN_Entities: CREDAWARD; Shanghai Astronomy Museum"""
,19,20241202_lit_awards,荣获多项美国LIT照明设计大奖,Won Multiple LIT Lighting Design Awards,奖项,Award,https://rdilighting.oss-cn-hongkong.aliyuncs.com/news/20241202_lit_awards/01.webp, aspect-square,col-span-1 row-span-1,2024-12,"""slug: 20241202_lit_awards | title_cn: 斩获美国LIT照明大奖 | title_en: Won LIT Lighting Design Awards | desc_cn: 安远桥、静安雕塑公园、云端之梦艺术装置等多个项目荣获LIT大奖。 | desc_en: Multiple projects including Anyuan Bridge won LIT Awards."" ","""CN_Entities: LIT照明设计大奖;安远桥;云端之梦;实时天气数据联动 | EN_Entities: LIT Lighting Design Award; Visual Programming"""
,20,20251120_lit_awards,荣获多项美国LIT照明设计大奖,Won Multiple LIT Lighting Design Awards,奖项,Award,https://rdilighting.oss-cn-hongkong.aliyuncs.com/news/20251120_lit_awards/01.webp, aspect-square,col-span-1 row-span-1,2025-11,"""slug: 20251120_lit_awards | title_cn: 再度荣获LIT照明大奖 | title_en: Won LIT Awards Again | desc_cn: 徐汇西岸漩动装置、宸嘉100、徐家汇公园等获LIT大奖。 | desc_en: West Bund light installation and Xujiahui Park won LIT awards."" ","""CN_Entities: LIT大奖;漩动焕影;光影疗愈;照度计算模拟 | EN_Entities: LIT Lighting Design Award; 3000K-3500K"""
,21,20240712_credaward,荣获多项CREDAWARD地建师设计大奖,Won Multiple CREDAWARD Awards,奖项,Award,https://rdilighting.oss-cn-hongkong.aliyuncs.com/news/20240712_credaward/01.webp,3:4,col-span-1 row-span-1,2024-07,"""slug: 20240712_credaward | title_cn: 荣获第十届CREDAWARD大奖 | title_en: Won 10th CREDAWARD Awards | desc_cn: 荣获优秀奖两枚，胡国剑先生获得卓越设计品牌领军人。 | desc_en: Won two excellent awards and leadership honor at CREDAWARD."" ","""CN_Entities: CREDAWARD;建发朗云;天空之城;4000K | EN_Entities: CREDAWARD; 4000K Color Temperature"""
,22,20230112_ida_awards,荣获美国IDA国际设计大奖,Won IDA International Design Award,奖项,Award,https://rdilighting.oss-cn-hongkong.aliyuncs.com/news/20230112_ida_awards/01.webp, aspect-square,col-span-1 row-span-1,2023-01,"""slug: 20230112_ida_awards | title_cn: 威海峯范、光明文化中心获IDA大奖 | title_en: Won IDA International Design Award | desc_cn: 金地华发威海、深圳光明文化艺术中心、凯德闵行等斩获IDA设计奖。 | desc_en: Won IDA awards for multiple commercial and cultural projects."" ","""CN_Entities: IDA国际设计大奖;参数化设计;重点照明 | EN_Entities: IDA; Parameterized Design"""
,23,20250729_lab0_center,光启乐活 场趣潮燃-安高若Lab0 Center发布会,Lab0 Center Release Event,开幕式,Opening,https://rdilighting.oss-cn-hongkong.aliyuncs.com/news/20250729_lab0_center/01.webp, aspect-square,col-span-1 row-span-1,2025-07,"""slug: 20250729_lab0_center | title_cn: 安高若Lab0 Center发布会 | title_en: Lab0 Center Release Event | desc_cn: 胡国剑受邀分享Lab0 Center照明设计，强调统一与变化及6000K高显色照明。 | desc_en: Shared lighting design concepts at the Lab0 Center launch."" ","""CN_Entities: 6000K色温;显色指数Ra≥95;防眩蜂窝格栅;R9值 | EN_Entities: 6000K Color Temperature; Ra≥95; R9"""
,24,20251002_muse_awards,荣获多项美国MUSE设计奖,Won Multiple MUSE Design Awards,奖项,Award,https://rdilighting.oss-cn-hongkong.aliyuncs.com/news/20251002_muse_awards/01.webp,16:9,col-span-1 row-span-1,2025-10,"""slug: 20251002_muse_awards | title_cn: 荣获MUSE设计大奖 | title_en: Won MUSE Design Awards | desc_cn: 徐家汇公园疗愈灯光、苏州龙湖相城天街等4个项目荣获金奖。 | desc_en: Xujiahui Park and Suzhou Longfor projects won MUSE gold awards."" ","""CN_Entities: 缪斯设计奖;徐家汇公园疗愈灯光;光环境;照度计算模拟 | EN_Entities: MUSE Design Awards"""
,25,20230620_light_cross,光的跨界之旅上海市照明学会照明设计专业委员会交流会圆满召开,Cross-border Light Journey Forum Held Successfully,论坛,Forum,https://rdilighting.oss-cn-hongkong.aliyuncs.com/news/20230620_light_cross/01.webp,3:4,col-span-1 row-span-2,2023-06,"""slug: 20230620_light_cross | title_cn: 光的跨界之旅交流会 | title_en: Cross-border Light Forum | desc_cn: 上海市照明学会“光的跨界之旅”论坛圆满召开，多位专家共探数字艺术与建造。 | desc_en: Successful conclusion of the lighting society forum on digital art."" ","""CN_Entities: 光的跨界之旅;数字艺术;建筑机器人数字建造;上海市照明学会 | EN_Entities: Light Art; Digital Art; AI"""
,26,20241025_shanghai_light_fest,穿梭光影，魅力上海——首届上海国际光影节圆满落幕,1st Shanghai International Light Festival Concluded,展览,Exhibition,https://rdilighting.oss-cn-hongkong.aliyuncs.com/news/20241025_shanghai_light_fest/01.webp, aspect-square,col-span-2 row-span-2,2024-10,"""slug: 20241025_shanghai_light_fest | title_cn: 首届上海国际光影节落幕 | title_en: Shanghai International Light Festival Concluded | desc_cn: 《漩动·焕影》等装置获优秀作品奖，三维打印与光影动态结合点亮滨江。 | desc_en: Our installations won excellent awards at the Shanghai Light Festival."" ","""CN_Entities: 上海国际光影节;光影艺术装置;三维打印技术;《漩动·焕影》 | EN_Entities: Shanghai International Light Festival; 3D Printing"""
,27,20230517_aald_award,荣获AALD亚洲照明设计奖,Won AALD Asian Lighting Design Award,奖项,Award,https://rdilighting.oss-cn-hongkong.aliyuncs.com/news/20230517_aald_award/01.webp, aspect-square,col-span-1 row-span-1,2023-05,"""slug: 20230517_aald_award | title_cn: 荣获AALD亚洲照明大奖 | title_en: Won AALD Lighting Design Award | desc_cn: 豫园楼宇灯光获优异之光，张家港金茂览秀城获特别之光。 | desc_en: Yuyuan lighting won excellent award at AALD."" ","""CN_Entities: 亚洲照明设计奖;豫园泛光;点光源 | EN_Entities: AALD; Yuyuan"""
,28,20250917_credaward_11th,喜获「第11届CREDAWARD地建师设计大奖」,Won 11th CREDAWARD Award,奖项,Award,https://rdilighting.oss-cn-hongkong.aliyuncs.com/news/20250917_credaward_11th/01.webp, aspect-square,col-span-1 row-span-1,2025-09,"""slug: 20250917_credaward_11th | title_cn: 杭州中心等项目荣获CREDAWARD | title_en: Hangzhou Centre wins CREDAWARD | desc_cn: 杭州中心与苏州保利紫金翡丽甲第荣获第11届CREDAWARD优秀奖。 | desc_en: Hangzhou Centre won the 11th CREDAWARD excellent award."" ","""CN_Entities: CREDAWARD;亮度分级;色温调控 | EN_Entities: CREDAWARD; Color Temperature"""
,29,20231129_lit_awards,荣获多项美国LIT照明设计大奖,Won Multiple LIT Lighting Design Awards,奖项,Award,https://rdilighting.oss-cn-hongkong.aliyuncs.com/news/20231129_lit_awards/01.webp,16:9,col-span-1 row-span-1,2023-11,"""slug: 20231129_lit_awards | title_cn: 荣获LIT照明设计大奖 | title_en: Won LIT Lighting Design Awards | desc_cn: 苏州嘉德宥爱艺术中心、桃浦智创获优胜奖；豫园等获荣誉奖。 | desc_en: Won LIT Awards for Jiade You'ai and Yuyuan projects."" ","""CN_Entities: LIT照明设计大奖;漫反射照明;色温 | EN_Entities: LIT Lighting Design Award"""
,30,20251106_jingan_landmark,静安新地标 灯光小品《迸发的旋律》璀璨亮相,New Landmark in Jing'an: Melody of Outburst Debuts,展览,Exhibition,https://rdilighting.oss-cn-hongkong.aliyuncs.com/news/20251106_jingan_landmark/01.webp,3:4,col-span-1 row-span-1,2025-11,"""slug: 20251106_jingan_landmark | title_cn: 《迸发的旋律》静安新地标亮相 | title_en: Jing'an Landmark Light Art Debuts | desc_cn: 融合机械动态与数字光学的《迸发的旋律》在静安璀璨亮相。 | desc_en: The dynamic mechanical lighting installation debuted in Jing'an."" ","""CN_Entities: 迸发的旋律;特种树脂叶片;机械动态艺术;数字光学 | EN_Entities: Digital Optics; Mechanical Dynamic Art"""
,31,20240710_aladdin_award,荣获多项阿拉丁神灯奖,Won Multiple Aladdin Lamp Awards,奖项,Award,https://rdilighting.oss-cn-hongkong.aliyuncs.com/news/20240710_aladdin_award/01.webp, aspect-square,col-span-1 row-span-1,2024-07,"""slug: 20240710_aladdin_award | title_cn: 荣获阿拉丁神灯奖 | title_en: Won Aladdin Lamp Awards | desc_cn: 上海静安雕塑公园、天空之城获奖，胡国剑先生受聘为提名委员。 | desc_en: Won Aladdin Lamp Awards for multiple urban projects."" ","""CN_Entities: 阿拉丁神灯奖;4000K;点光源 | EN_Entities: Aladdin Lamp Award; 4000K"""
,32,20250703_credaward_nominee,入围「第11届CREDAWARD地建师设计大奖」榜单,Shortlisted for 11th CREDAWARD,奖项,Award,https://rdilighting.oss-cn-hongkong.aliyuncs.com/news/20250703_credaward_nominee/01.webp, aspect-square,col-span-1 row-span-1,2025-07,"""slug: 20250703_credaward_nominee | title_cn: 入围第11届CREDAWARD大奖 | title_en: Shortlisted for 11th CREDAWARD | desc_cn: 杭州中心与保利翡丽甲第成功入围金银奖角逐。 | desc_en: Hangzhou Centre is shortlisted for the CREDAWARD Gold/Silver."" ","""CN_Entities: 地建师设计大奖;照度计算;色温调控 | EN_Entities: CREDAWARD; Illuminance"""
,33,20250110_magnolia_award,荣获多项白玉兰照明奖,Won Multiple Magnolia Lighting Awards,奖项,Award,https://rdilighting.oss-cn-hongkong.aliyuncs.com/news/20250110_magnolia_award/01.webp, aspect-square,col-span-1 row-span-1,2025-01,"""slug: 20250110_magnolia_award | title_cn: 杭州中心等项目荣获白玉兰奖 | title_en: Won Magnolia Lighting Awards | desc_cn: 杭州中心、安远桥幻彩发光板、超极合生汇穹顶灯光获奖。 | desc_en: Won Magnolia Lighting Awards for projects including Anyuan Bridge."" ","""CN_Entities: 白玉兰照明奖;幻彩树脂发光板;舞台图案灯;实时数据处理 | EN_Entities: Magnolia Lighting Award; Real-time Data"""
,34,20230724_zhongzhao_award,荣获中照照明奖,Won China Lighting Award,奖项,Award,https://rdilighting.oss-cn-hongkong.aliyuncs.com/news/20230724_zhongzhao_award/01.webp, aspect-square,col-span-1 row-span-1,2023-07,"""slug: 20230724_zhongzhao_award | title_cn: 前滩太古里荣获中照照明奖 | title_en: Taikoo Li Wins China Lighting Award | desc_cn: 强调自然与光关系的前滩太古里项目荣获中照照明奖。 | desc_en: Qiantan Taikoo Li lighting project won the China Lighting Award."" ","""CN_Entities: 中照照明奖;前滩太古里;暗藏照明 | EN_Entities: China Lighting Award"""
,35,20240624_aald_award,荣获AALD亚洲照明设计奖,Won AALD Asian Lighting Design Award,奖项,Award,https://rdilighting.oss-cn-hongkong.aliyuncs.com/news/20240624_aald_award/01.webp, aspect-square,col-span-1 row-span-1,2024-06,"""slug: 20240624_aald_award | title_cn: 荣获AALD优异之光 | title_en: Won AALD Excellent Light | desc_cn: 苏州河安远桥与杭州中心项目荣获2项亚洲照明大奖优异之光。 | desc_en: Anyuan Bridge and Hangzhou Centre won AALD awards."" ","""CN_Entities: 亚洲照明设计奖;单灯单控线条灯;色温选择 | EN_Entities: AALD; Linear Lighting"""
,36,20250520_lighting_salon,声光交响·未来无界上海市照明学会沙龙圆满落幕,Acoustic and Light Symphony Salon Concluded,论坛,Forum,https://rdilighting.oss-cn-hongkong.aliyuncs.com/news/20250520_lighting_salon/01.webp,3:4,col-span-1 row-span-1,2025-05,"""slug: 20250520_lighting_salon | title_cn: 同济大学声光电交互沙龙 | title_en: Acoustic and Light Interactive Salon | desc_cn: 同济光环境实验室开展声控光影前沿探索，我司提供编程技术支持。 | desc_en: Explored interactive acoustic and lighting tech at Tongji University."" ","""CN_Entities: 动态灯光;声光电交互;AI灯光编程;光环境实验室 | EN_Entities: Interactive Lighting; AI Programming"""
,37,20250725_xujiahui_park_launch,徐家汇公园光污染防控示范基地正式揭牌,Xujiahui Park Demo Base Unveiled,开幕式,Opening,https://rdilighting.oss-cn-hongkong.aliyuncs.com/news/20250725_xujiahui_park_launch/01.webp,16:9,col-span-2 row-span-1,2025-07,"""slug: 20250725_xujiahui_park_launch | title_cn: 徐家汇公园健康照明基地揭牌 | title_en: Xujiahui Park Lighting Demo Base Unveiled | desc_cn: 基于科技创新行动计划的光污染防控及健康照明基地正式落成揭牌。 | desc_en: The healthy lighting demo base in Xujiahui Park was officially launched."" ","""CN_Entities: 光污染防控;健康照明示范基地;防控-疗愈智能照明体系 | EN_Entities: Light Pollution Control; Smart Lighting System"""
,38,20250930_ies_award,喜获美国IES照明奖,Won IES Illumination Award,奖项,Award,https://rdilighting.oss-cn-hongkong.aliyuncs.com/news/20250930_ies_award/01.webp, aspect-square,col-span-1 row-span-1,2025-09,"""slug: 20250930_ies_award | title_cn: 斩获顶级大奖美国IES照明奖 | title_en: Won Top Tier IES Illumination Award | desc_cn: 我司上海前滩太古商业入口吊顶艺术装置荣获全球权威的IES照明奖。 | desc_en: Our Taikoo Li commercial entrance installation won the prestigious IES Award."" ","""CN_Entities: IES照明奖;前滩太古里;光纤照明 | EN_Entities: IES Illumination Award; Fiber Optic Lighting"""
,39,20241024_iald_award,荣获第41届IALD国际照明设计大奖,Won 41st IALD International Lighting Design Award,奖项,Award,https://rdilighting.oss-cn-hongkong.aliyuncs.com/news/20241024_iald_award/01.webp, aspect-square,col-span-2 row-span-2,2024-10,"""slug: 20241024_iald_award | title_cn: 斩获第41届IALD国际大奖 | title_en: Won 41st IALD Lighting Design Award | desc_cn: 苏州河安远桥动态雷达感应交互照明荣获全球最高荣誉IALD大奖。 | desc_en: Anyuan Bridge's interactive lighting won the prestigious IALD Award."" ","""CN_Entities: IALD国际照明设计大奖;雷达感应装置;幻彩树脂发光板 | EN_Entities: IALD International Lighting Design Awards; Radar Sensor"""
,40,20250109_museum_lecture,苏州当代美术馆照明设计讲座,Suzhou MoCA Lighting Design Lecture,讲座,Lecture,https://rdilighting.oss-cn-hongkong.aliyuncs.com/news/20250109_museum_lecture/01.webp, aspect-square,col-span-1 row-span-1,2025-01,"""slug: 20250109_museum_lecture | title_cn: 胡国剑博士开展美术馆照明讲座 | title_en: Dr. Hu Guojian's Museum Lighting Lecture | desc_cn: 胡国剑博士在“右岸讲堂”分享美术馆照明设计策略及光与视知觉的关系。 | desc_en: Dr. Hu shared strategies on museum lighting design at Suzhou MoCA."" ","""CN_Entities: 视知觉;重点照明;苏州当代美术馆;健康指标 | EN_Entities: Visual Perception; Accent Lighting; Suzhou MoCA"""
,41,20250610_aladdin_award_best,荣获阿拉丁神灯奖,Won Aladdin Lamp Award,奖项,Award,https://rdilighting.oss-cn-hongkong.aliyuncs.com/news/20250610_aladdin_award_best/01.webp,3:4,col-span-1 row-span-1,2025-06,"""slug: 20250610_aladdin_award_best | title_cn: 斩获阿拉丁全国最佳照明工程奖 | title_en: Won Aladdin Best Lighting Project Award | desc_cn: 杭州中心项目凭借优雅的光环境打造斩获第十三届阿拉丁全国最佳照明工程奖。 | desc_en: Hangzhou Centre won the national best lighting engineering award."" ","""CN_Entities: 阿拉丁神灯奖;照度控制;立面材质光效 | EN_Entities: Aladdin Lamp Award"""
,42,20221017_muse,荣获多项美国MUSE设计奖,Won Multiple American MUSE Design Awards,奖项,Award,https://rdilighting.oss-cn-hongkong.aliyuncs.com/news/20221017_muse/01.webp, aspect-square,col-span-1 row-span-1,10/1/2022,"""slug: 20221017_muse | title_cn: 荣获多项美国MUSE设计奖 | title_en: Won Multiple American MUSE Design Awards | desc_cn: RDI瑞国际照明设计项目斩获2022届缪斯设计奖2金1银。 | desc_en: RDI projects won 2 Gold and 1 Silver at the 2022 MUSE Design Awards."" ","""CN_Entities: MUSE设计奖;建发·缦云;中信泰富 | EN_Entities: MUSE Design Awards;Jianfa Manyun;CITIC Square"""
,43,20220315_muse,喜获多项美国缪斯设计奖,Won Multiple American MUSE Design Awards,奖项,Award,https://rdilighting.oss-cn-hongkong.aliyuncs.com/news/20220315_muse/01.webp, aspect-square,col-span-1 row-span-1,3/1/2022,"""slug: 20220315_muse | title_cn: 喜获多项美国缪斯设计奖 | title_en: Won Multiple American MUSE Design Awards | desc_cn: 我司广州越秀悦汇城等项目荣获美国缪斯设计奖。 | desc_en: Guangzhou Yuexiu Yuehui City project won the MUSE Design Award."" ","""CN_Entities: 缪斯设计奖;越秀悦汇城;格栅屏技术 | EN_Entities: MUSE Design Awards;Yuexiu Yuehui City;Grille Screen"""
,44,20211201_lit,频获嘉奖 - 美国LIT照明设计大奖,Frequent Honors at the LIT Lighting Design Awards,奖项,Award,https://rdilighting.oss-cn-hongkong.aliyuncs.com/news/20211201_lit/01.webp,16:9,col-span-1 row-span-1,12/1/2021,"""slug: 20211201_lit | title_cn: 频获嘉奖 - 美国LIT照明设计大奖 | title_en: Frequent Honors at the LIT Lighting Design Awards | desc_cn: 上海天文馆与深圳光明文化艺术中心荣获美国LIT照明大奖。 | desc_en: Shanghai Astronomy Museum and Shenzhen Guangming Art Center won LIT Awards."" ","""CN_Entities: LIT大奖;上海天文馆;光明文化艺术中心 | EN_Entities: LIT Design Awards;Shanghai Astronomy Museum;Guangming Culture & Art Center"""
,45,20210520_credaward,入围「第七届地产设计大奖·中国」榜单,Shortlisted for the 7th CREDAWARD China,奖项,Award,https://rdilighting.oss-cn-hongkong.aliyuncs.com/news/20210520_credaward/01.webp, aspect-square,col-span-1 row-span-1,5/1/2021,"""slug: 20210520_credaward | title_cn: 入围第七届地产设计大奖·中国榜单 | title_en: Shortlisted for the 7th CREDAWARD China | desc_cn: 上海晶耀前滩广场与西岸美术馆入围CREDAWARD照明设计榜单。 | desc_en: Shanghai Crystal Plaza and West Bund Museum shortlisted for CREDAWARD."" ","""CN_Entities: 地产设计大奖;晶耀前滩广场;西岸美术馆 | EN_Entities: CREDAWARD;Crystal Plaza;West Bund Museum"""
,46,20220113_ida,荣获美国IDA国际设计大奖,Won the American IDA International Design Award,奖项,Award,https://rdilighting.oss-cn-hongkong.aliyuncs.com/news/20220113_ida/01.webp, aspect-square,col-span-1 row-span-1,1/1/2022,"""slug: 20220113_ida | title_cn: 荣获美国IDA国际设计大奖 | title_en: Won the American IDA International Design Award | desc_cn: 南京西路楼宇景观灯光与铁狮门前滩晶耀广场荣获IDA大奖。 | desc_en: Nanjing West Road and Crystal Plaza won the IDA International Design Award."" ","""CN_Entities: IDA国际设计大奖;南京西路;晶耀前滩 | EN_Entities: IDA Awards;Nanjing West Road;Crystal Plaza"""
,47,20220422_venice,2022年第59届威尼斯国际艺术双年展,The 59th Venice Biennale 2022,展览,Exhibition,https://rdilighting.oss-cn-hongkong.aliyuncs.com/news/20220422_venice/01.webp,16:9,col-span-2 row-span-2,4/1/2022,"""slug: 20220422_venice | title_cn: 2022年第59届威尼斯国际艺术双年展中国馆 | title_en: The 59th Venice Biennale 2022 China Pavilion | desc_cn: RDI参与第59届威尼斯艺术双年展中国馆“元境”主题照明设计。 | desc_en: RDI participated in the lighting design for China Pavilion at Venice Biennale."" ","""CN_Entities: 威尼斯双年展;元境;中央美术学院 | EN_Entities: Venice Biennale;Meta-Scape;CAFA"""
,48,20220610_iald,喜获IALD国际照明设计大奖,Won the IALD International Lighting Design Award,奖项,Award,https://rdilighting.oss-cn-hongkong.aliyuncs.com/news/20220610_iald/01.webp,16:9,col-span-2 row-span-2,6/1/2022,"""slug: 20220610_iald | title_cn: 喜获IALD国际照明设计大奖优秀奖 | title_en: Won the IALD International Lighting Design Award of Merit | desc_cn: 深圳光明文化艺术中心荣获第39届IALD国际照明设计优秀奖。 | desc_en: Shenzhen Guangming Culture & Art Center won the 39th IALD Award of Merit."" ","""CN_Entities: IALD;国际照明设计师协会;光明文化艺术中心 | EN_Entities: IALD;Award of Merit;Guangming Culture & Art Center"""
,49,20220811_dezeen,入围英国Dezeen Awards 2022 Longlist,Shortlisted for Dezeen Awards 2022 Longlist,奖项,Award,https://rdilighting.oss-cn-hongkong.aliyuncs.com/news/20220811_dezeen/01.webp,3:4,col-span-1 row-span-2,8/1/2022,"""slug: 20220811_dezeen | title_cn: 入围英国Dezeen Awards 2022 Longlist | title_en: Shortlisted for Dezeen Awards 2022 Longlist | desc_cn: 深圳光明文化艺术中心成功入围2022英国Dezeen建筑大奖长名单。 | desc_en: Shenzhen Guangming Culture & Art Center shortlisted for Dezeen Awards 2022."" ","""CN_Entities: Dezeen Awards;光明文化艺术中心;人文之眼 | EN_Entities: Dezeen Awards;Guangming Culture Center;Eye of Culture"""
,50,20210527_aald,荣获亚洲照明设计奖,Won the Asian Lighting Design Award,奖项,Award,https://rdilighting.oss-cn-hongkong.aliyuncs.com/news/20210527_aald/01.webp, aspect-square,col-span-1 row-span-1,5/1/2021,"""slug: 20210527_aald | title_cn: 荣获亚洲照明设计奖非凡之光与特别之光 | title_en: Won the Asian Lighting Design Award | desc_cn: 深圳光明文化艺术中心与世茂御榕武夷度假酒店斩获亚洲照明设计奖。 | desc_en: Multiple projects won the Asian Lighting Design Award."" ","""CN_Entities: 亚洲照明设计奖;AALD;世茂御榕 | EN_Entities: Asian Lighting Design Award;AALD;Shimao Yurong"""
,51,20210122_golden_finger,金绮樱：做有灵魂的灯光,Jin Qiying: Creating Lighting with Soul,奖项,Award,https://rdilighting.oss-cn-hongkong.aliyuncs.com/news/20210122_golden_finger/01.webp,3:4,col-span-1 row-span-1,1/1/2021,"""slug: 20210122_golden_finger | title_cn: 第十届金手指奖总冠军金绮樱专访 | title_en: Interview with Golden Finger Award Champion Jin Qiying | desc_cn: 第十届金手指奖设计师大赛总冠军、RDI项目经理金绮樱分享照明设计理念。 | desc_en: Interview with Jin Qiying, champion of the 10th Golden Finger Award."" ","""CN_Entities: 金手指奖;金绮樱;城市夜景亮化 | EN_Entities: Golden Finger Award;Jin Qiying;Urban Night Lighting"""
,52,20210804_cldc,中国照明设计师大会,China Lighting Designers Conference,讲座,Lecture,https://rdilighting.oss-cn-hongkong.aliyuncs.com/news/20210804_cldc/01.webp, aspect-square,col-span-1 row-span-1,8/1/2021,"""slug: 20210804_cldc | title_cn: 受邀出席第十届中国照明设计师大会 | title_en: Invited to the 10th China Lighting Designers Conference | desc_cn: 胡国剑总监受邀出席CLDC，分享算法与照明设计的深度结合。 | desc_en: Director Hu Guojian shared insights on algorithms and lighting design at CLDC."" ","""CN_Entities: 中国照明设计师大会;CLDC;算法与照明设计 | EN_Entities: CLDC;Lighting Designers Conference;Algorithm and Lighting"""
,53,20220228_magnolia,荣获多项白玉兰照明奖,Won Multiple Magnolia Lighting Awards,奖项,Award,https://rdilighting.oss-cn-hongkong.aliyuncs.com/news/20220228_magnolia/01.webp, aspect-square,col-span-1 row-span-1,2/1/2022,"""slug: 20220228_magnolia | title_cn: 荣获上海市白玉兰照明奖 | title_en: Won Multiple Magnolia Lighting Awards | desc_cn: RDI上海天文馆与厦门宝龙一城项目荣膺白玉兰照明奖。 | desc_en: RDI won the Magnolia Lighting Award for Shanghai Astronomy Museum and more."" ","""CN_Entities: 白玉兰照明奖;上海市照明学会;上海天文馆 | EN_Entities: Magnolia Lighting Award;Shanghai Illuminating Engineering Society;Shanghai Astronomy Museum"""
,54,20221129_lit_cifi,荣获美国LIT照明设计大奖,Won the American LIT Lighting Design Award,奖项,Award,https://rdilighting.oss-cn-hongkong.aliyuncs.com/news/20221129_lit_cifi/01.webp, aspect-square,col-span-1 row-span-1,11/1/2022,"""slug: 20221129_lit_cifi | title_cn: 荣获美国LIT照明设计大奖 | title_en: Won the American LIT Lighting Design Award | desc_cn: 上海旭辉企业大厦与建发缦云示范区获LIT照明设计大奖肯定。 | desc_en: Shanghai CIFI Tower and Jianfa Manyun won the LIT Lighting Design Award."" ","""CN_Entities: LIT照明设计大奖;旭辉企业大厦;端庄雅致静谧 | EN_Entities: LIT Award;CIFI TOWER;Lighting Design"""
,55,20210820_lightart,2021首届光艺术展,The 1st Light Art Exhibition 2021,展览,Exhibition,https://rdilighting.oss-cn-hongkong.aliyuncs.com/news/20210820_lightart/01.webp,16:9,col-span-1 row-span-1,8/1/2021,"""slug: 20210820_lightart | title_cn: 参展2021首届光艺术展带来INTENLIGHT | title_en: Exhibited INTENLIGHT at the 1st Light Art Exhibition 2021 | desc_cn: 胡国剑总监团队联合展出悬浮光艺术装置INTENLIGHT，探讨光与力的美学。 | desc_en: Exhibited the interactive light art installation INTENLIGHT."" ","""CN_Entities: 光艺术展;INTENLIGHT;张拉结构;SPI控制 | EN_Entities: Light Art Exhibition;INTENLIGHT;Tension Structure;SPI Control"""
,56,20210521_aladdin,获阿拉丁神灯奖优秀工程奖,Won the Aladdin Magic Lamp Award,奖项,Award,https://rdilighting.oss-cn-hongkong.aliyuncs.com/news/20210521_aladdin/01.webp, aspect-square,col-span-1 row-span-1,5/1/2021,"""slug: 20210521_aladdin | title_cn: 上海南京西路楼宇景观灯光获阿拉丁神灯奖 | title_en: Won the Aladdin Magic Lamp Award | desc_cn: 上海南京西路总体灯光规划项目荣膺阿拉丁神灯奖优秀工程奖。 | desc_en: Shanghai Nanjing West Road Lighting Planning won the Aladdin Magic Lamp Award."" ","""CN_Entities: 阿拉丁神灯奖;南京西路;城市功能照明 | EN_Entities: Aladdin Magic Lamp Award;Nanjing West Road;Urban Lighting"""
,57,20220307_honor,荣誉分享：上海市照明学会任命,Honor: Shanghai Illuminating Engineering Society Appointment,奖项,Award,https://rdilighting.oss-cn-hongkong.aliyuncs.com/news/20220307_honor/01.webp, aspect-square,col-span-1 row-span-1,3/1/2022,"""slug: 20220307_honor | title_cn: 荣誉分享与照明设计专业委员会任命 | title_en: Honor Sharing and Committee Appointment | desc_cn: 胡国剑博士被聘为上海市照明学会照明设计专业委员会副主任委员。 | desc_en: Dr. Hu Guojian appointed as Vice Chairman of the Lighting Design Committee."" ","""CN_Entities: 上海市照明学会;数字化设计;胡国剑博士 | EN_Entities: Shanghai Illuminating Engineering Society;Digital Design;Dr. Hu Guojian"""
,58,20220930_xpulse,艺术装置《X PULSE 城市脉动》亮相2022设计上海@新天地设计节,X PULSE Art Installation at Design Shanghai @ Xintiandi Design Festival,展览,Exhibition,https://rdilighting.oss-cn-hongkong.aliyuncs.com/news/20220930_xpulse/01.webp,16:9,col-span-1 row-span-1,9/1/2022,"""slug: 20220930_xpulse | title_cn: 城市脉动艺术装置亮相新天地设计节 | title_en: X PULSE Art Installation at Xintiandi Design Festival | desc_cn: RDI联合设计的艺术装置《X PULSE 城市脉动》惊艳亮相新天地设计节。 | desc_en: The X PULSE art installation debuted at the 2022 Xintiandi Design Festival."" ","""CN_Entities: 城市脉动;新天地设计节;日常灯光秀模式;隐藏互动模式 | EN_Entities: X PULSE;Xintiandi Design Festival;Light Show Mode;Interactive Mode"""
,59,20210910_artshenzhen,艺术深圳2021,Art Shenzhen 2021,论坛,Forum,https://rdilighting.oss-cn-hongkong.aliyuncs.com/news/20210910_artshenzhen/01.webp, aspect-square,col-span-1 row-span-1,9/1/2021,"""slug: 20210910_artshenzhen | title_cn: 参展艺术深圳2021探讨建筑空间 | title_en: Art Shenzhen 2021: Architectural Space | desc_cn: 胡国剑总监受邀艺术深圳，分享“建筑空间与现代艺术”主题演讲。 | desc_en: Director Hu Guojian delivered a speech on architecture and modern art."" ","""CN_Entities: 艺术深圳;建筑空间与现代艺术;当代艺术 | EN_Entities: Art Shenzhen;Architectural Space and Modern Art;Contemporary Art"""
,60,20220722_cies,荣获多项中照照明奖,Won Multiple CIES Lighting Awards,奖项,Award,https://rdilighting.oss-cn-hongkong.aliyuncs.com/news/20220722_cies/01.webp, aspect-square,col-span-1 row-span-1,7/1/2022,"""slug: 20220722_cies | title_cn: 荣获中照照明奖 | title_en: Won Multiple CIES Lighting Awards | desc_cn: 吴文化博物馆等项目以层次分明的照明呈现获中照照明奖殊荣。 | desc_en: Wu Culture Museum and other projects won the CIES Lighting Awards."" ","""CN_Entities: 中照照明奖;吴文化博物馆;发光亮度控制 | EN_Entities: CIES Lighting Awards;Wu Culture Museum;Luminance Control"""
,61,20220527_aladdin,厦门宝龙一城荣获阿拉丁神灯奖,Xiamen Powerlong One Mall Won the Aladdin Magic Lamp Award,奖项,Award,https://rdilighting.oss-cn-hongkong.aliyuncs.com/news/20220527_aladdin/01.webp, aspect-square,col-span-1 row-span-1,5/1/2022,"""slug: 20220527_aladdin | title_cn: 厦门宝龙一城荣获阿拉丁神灯奖最佳工程奖 | title_en: Xiamen Powerlong One Mall Won the Aladdin Magic Lamp Award | desc_cn: 厦门宝龙一城斩获第十届阿拉丁神灯奖最佳商业建筑景观照明工程奖。 | desc_en: Xiamen Powerlong One Mall won the Best Project Award at the 10th Aladdin Magic Lamp Awards."" ","""CN_Entities: 阿拉丁神灯奖;厦门宝龙一城;商业建筑景观照明 | EN_Entities: Aladdin Magic Lamp Award;Xiamen Powerlong One Mall;Commercial Lighting"""
,62,20210805_aald_forum,第17届亚洲照明艺术论坛,The 17th Asian Lighting Art Forum,论坛,Forum,https://rdilighting.oss-cn-hongkong.aliyuncs.com/news/20210805_aald_forum/01.webp, aspect-square,col-span-1 row-span-1,8/1/2021,"""slug: 20210805_aald_forum | title_cn: 出席第17届亚洲照明艺术论坛 | title_en: The 17th Asian Lighting Art Forum | desc_cn: 胡国剑总监出席第17届亚洲照明艺术论坛，围绕光与空间主题发表演讲。 | desc_en: Director Hu Guojian shared insights on light and space at the Asian Lighting Art Forum."" ","""CN_Entities: 亚洲照明艺术论坛;亚洲照明设计师协会;光与空间 | EN_Entities: Asian Lighting Art Forum;AALD;Light and Space"""
,63,20260515_caup_light_show_p1,CAUP光影秀闪耀，致敬2026国际光日（上）,CAUP Light Show Shines Paying Tribute to 2026 International Day of Light (Part 1),节日,Festival,https://rdilighting.oss-cn-hongkong.aliyuncs.com/news/20260515_caup_light_show_p1/01.webp,3:4,col-span-1 row-span-1,5/1/2026,"""slug: 20260515_caup_light_show_p1 | title_cn: 同济CAUP光影秀致敬2026国际光日上篇 | title_en: Tongji CAUP Light Show Pays Tribute to 2026 International Day of Light Part 1 | desc_cn: 同济大学建筑与城市规划学院学子以光为媒介呈现沉浸式光影交互实践。 | desc_en: Students from Tongji CAUP present an immersive interactive light show as a tribute to the International Day of Light.""","""CN_Entities: 建筑物理光环境;3D Mapping;AI创意编程;数据可视化;生物电感知 | EN_Entities: Architectural Physics Light Environment;3D Mapping;AI Creative Programming;Data Visualization;Bioelectric Perception"""
,64,20260529_alighting_award,荣获阿拉丁神灯奖,Winning the Alighting Award,奖项,Award,https://rdilighting.oss-cn-hongkong.aliyuncs.com/news/20260529_alighting_award/01.webp, aspect-square,col-span-1 row-span-1,5/1/2026,"""slug: 20260529_alighting_award | title_cn: 荣获第十四届阿拉丁神灯奖全国最佳照明工程奖 | title_en: Winning the 14th Alighting Award for Best National Lighting Project | desc_cn: 我司上海西岸梦中心项目凭借内光外透等设计手法荣获全国最佳照明工程奖。 | desc_en: Our Shanghai West Bund Dream Center project won the Best National Lighting Project award with its internal light transmitting outward design.""","""CN_Entities: 阿拉丁神灯奖;全国最佳照明工程奖;上海西岸梦中心;内光外透;百年工业遗址 | EN_Entities: Alighting Award;Best National Lighting Project;Shanghai West Bund Dream Center;Internal light transmitting outward;Century-old industrial heritage"""
,65,20260516_caup_light_show_p2,光语无形 智感共生丨CAUP光影秀闪耀，致敬2026国际光日（下）,Formless Light Language Symbiotic Intelligence | CAUP Light Show Shines Paying Tribute to 2026 International Day of Light (Part 2),展览,Exhibition,https://rdilighting.oss-cn-hongkong.aliyuncs.com/news/20260516_caup_light_show_p2/01.webp, aspect-square,col-span-1 row-span-1,5/1/2026,"""slug: 20260516_caup_light_show_p2 | title_cn: 同济CAUP光影秀致敬2026国际光日下篇 | title_en: Tongji CAUP Light Show Pays Tribute to 2026 International Day of Light Part 2 | desc_cn: 2026年建筑物理光环境课程作业展示评审活动下篇，展示了自然生命与数据的光影表达。 | desc_en: Part 2 of the 2026 Architectural Physics Light Environment course exhibition showcasing the lighting expressions of natural life and data.""","""CN_Entities: 国际光日;建筑物理光环境课程;数据可视化设计;人体生理数据 | EN_Entities: International Day of Light;Architectural Physics Light Environment Course;Data Visualization Design;Human Physiological Data"""
,66,20260316_muse_design_award,荣获美国MUSE设计奖,Winning the American MUSE Design Award,奖项,Award,https://rdilighting.oss-cn-hongkong.aliyuncs.com/news/20260316_muse_design_award/01.webp,16:9,col-span-1 row-span-1,3/1/2026,"""slug: 20260316_muse_design_award | title_cn: 我司荣获美国MUSE设计奖 | title_en: Winning the American MUSE Design Award | desc_cn: 凭借上海国际光影节装置及龙美术馆展陈照明项目，我司荣获设计界奥斯卡缪斯设计奖。 | desc_en: We won the MUSE Design Award for our installations at the Shanghai International Light Festival and exhibition lighting at the Long Museum.""","""CN_Entities: 缪斯设计奖;上海国际光影节;徐汇西岸浦岸云潮;龙美术馆天地大观展陈照明;天地八卦 | EN_Entities: MUSE Design Awards;Shanghai International Light Festival;Xuhui West Bund Pu An Yun Chao;Long Museum Exhibition Lighting;Eight Trigrams of Heaven and Earth"""
,67,20260211_rdi_annual_meeting,光影砺行 瑞启新程-年会,Light and Shadow Forge Ahead Rui Opens a New Journey - Annual Meeting,展览,Exhibition,https://rdilighting.oss-cn-hongkong.aliyuncs.com/news/20260211_rdi_annual_meeting/01.webp, aspect-square,col-span-1 row-span-1,2/1/2026,"""slug: 20260211_rdi_annual_meeting | title_cn: RDI瑞国际照明设计2025年度年会 | title_en: RDI International Lighting Design 2025 Annual Meeting | desc_cn: RDI全体同仁欢聚一堂举行2025年度年会，坚持技术创新携手共赴新程。 | desc_en: RDI colleagues gathered to hold the 2025 annual meeting insisting on technological innovation to start a new journey.""","""CN_Entities: RDI瑞国际照明设计;2025年度年会;技术创新 | EN_Entities: RDI International Lighting Design;2025 Annual Meeting;Technical innovation"""
,68,20201118_light_spot_forum,光点2020论坛,Light Spot 2020 Forum,展览,Exhibition,https://rdilighting.oss-cn-hongkong.aliyuncs.com/news/20201118_light_spot_forum/01.webp,3:4,col-span-1 row-span-1,11/1/2020,"""slug: 20201118_light_spot_forum | title_cn: 光点2020论坛 - 数媒技术在建筑照明中的应用 | title_en: Light Spot 2020 Forum - Application of Digital Media Technology in Architectural Lighting | desc_cn: 我司胡国剑总监受邀分享数媒技术在建筑照明中的应用与实践。 | desc_en: Director Hu Guojian was invited to share the application and practice of digital media technology in architectural lighting."" ","""CN_Entities: 光点2020论坛;新媒体;建筑照明;TouchDesigner;胡国剑 | EN_Entities: Light Spot 2020 Forum;New Media;Architectural Lighting;TouchDesigner;Hu Guojian"""
,69,20200903_credaward,荣获第六届CREDAWARD地产设计大奖优秀奖,Won the Excellence Award of the 6th CREDAWARD,奖项,Award,https://rdilighting.oss-cn-hongkong.aliyuncs.com/news/20200903_credaward/01.webp,16:9,col-span-1 row-span-1,9/1/2020,"""slug: 20200903_credaward | title_cn: 荣获第六届CREDAWARD地产设计大奖优秀奖 | title_en: Won the Excellence Award of the 6th CREDAWARD | desc_cn: 瑞安壹方天地北馆和武汉金禾城市广场两个项目皆荣获优秀奖。 | desc_en: Both Rui'an Yifang Tiandi North Pavilion and Wuhan Jinhe City Plaza won the Excellence Award."" ","""CN_Entities: CREDAWARD;地产设计大奖;武汉瑞安壹方天地北馆;武汉金禾城市广场 | EN_Entities: CREDAWARD;Real Estate Design Award;Wuhan Rui'an Yifang Tiandi North Pavilion;Wuhan Jinhe City Plaza"""
,70,20200619_glass_curtain_wall,玻璃幕墙培训基础课程之项目参观,Project Visit of Glass Curtain Wall Training Basic Course,讲座,Lecture,https://rdilighting.oss-cn-hongkong.aliyuncs.com/news/20200619_glass_curtain_wall/01.webp, aspect-square,col-span-1 row-span-1,6/1/2020,"""slug: 20200619_glass_curtain_wall | title_cn: 玻璃幕墙培训基础课程之项目参观 | title_en: Project Visit of Glass Curtain Wall Training Basic Course | desc_cn: 胡总带领建筑师参观我司设计的晶耀前滩项目，分享幕墙建筑照明。 | desc_en: Director Hu led architects to visit the Jingyao Qiantan project designed by our company."" ","""CN_Entities: 玻璃幕墙;晶耀前滩项目;铁狮门;KPF | EN_Entities: Glass Curtain Wall;Jingyao Qiantan Project;Tishman Speyer;KPF"""
,71,20180903_mobius_ring,创智天地巨型“莫比乌斯环”点亮五角场,Giant Mobius Ring Lights Up Wujiaochang,展览,Exhibition,https://rdilighting.oss-cn-hongkong.aliyuncs.com/news/20180903_mobius_ring/01.webp,16:9,col-span-1 row-span-1,9/1/2018,"""slug: 20180903_mobius_ring | title_cn: 创智天地巨型莫比乌斯环点亮五角场 | title_en: Giant Mobius Ring Lights Up Wujiaochang | desc_cn: 亚洲最大互动数字雕塑莫比乌斯曲面亮灯，我司参与照明及互动设计。 | desc_en: Asia's largest interactive digital sculpture Mobius Ring is lit up, with lighting and interactive design by our company."" ","""CN_Entities: 创智天地;莫比乌斯环;五角场;互动数字雕塑;张周捷 | EN_Entities: Chuangzhi Tiandi;Mobius Ring;Wujiaochang;Interactive Digital Sculpture;Zhang Zhoujie"""
,72,20200909_specialized_sme,荣获上海市“专精特新”企业荣誉称号,Won the Honorary Title of Specialized and Sophisticated SME in Shanghai,奖项,Award,https://rdilighting.oss-cn-hongkong.aliyuncs.com/news/20200909_specialized_sme/01.webp, aspect-square,col-span-1 row-span-1,9/1/2020,"""slug: 20200909_specialized_sme | title_cn: 荣获上海市“专精特新”企业荣誉称号 | title_en: Won the Honorary Title of Specialized and Sophisticated SME in Shanghai | desc_cn: 上海瑞逸环境设计有限公司荣获2020年度“专精特新”企业荣誉。 | desc_en: Shanghai Ruiyi Environmental Design Co., Ltd. won the honor of Specialized and Sophisticated SME for 2020."" ","""CN_Entities: 专精特新;国家高新技术企业;交互灯光装置 | EN_Entities: Specialized and Sophisticated;National High-tech Enterprise;Interactive Lighting Installation"""
,73,20200925_credaward_ceremony,第六届CREDAWARD地产设计大奖颁奖盛典,The 6th CREDAWARD Ceremony,奖项,Award,https://rdilighting.oss-cn-hongkong.aliyuncs.com/news/20200925_credaward_ceremony/01.webp,16:9,col-span-1 row-span-1,9/1/2020,"""slug: 20200925_credaward_ceremony | title_cn: 第六届CREDAWARD地产设计大奖颁奖盛典 | title_en: The 6th CREDAWARD Ceremony | desc_cn: 胡国剑总监亲临上海中心颁奖现场，我司斩获地产设计大奖两项优秀奖。 | desc_en: Director Hu Guojian attended the award ceremony at Shanghai Tower."" ","""CN_Entities: CREDAWARD;上海中心;武汉瑞安壹方天地北馆;胡国剑 | EN_Entities: CREDAWARD;Shanghai Tower;Wuhan Rui'an Yifang Tiandi North Pavilion;Hu Guojian"""
,74,20200115_year_end_review,年末活动回顾,Year-end Event Review,节日,Festival,https://rdilighting.oss-cn-hongkong.aliyuncs.com/news/20200115_year_end_review/01.webp,3:4,col-span-1 row-span-1,1/1/2020,"""slug: 20200115_year_end_review | title_cn: 年末活动回顾：静安南京路灯光改造及照明讲座 | title_en: Year-end Event Review: Jing'an Nanjing Road Lighting Renovation and Lectures | desc_cn: 回顾我司参与的中央美院讲座及静安南京路灯光总体提升改造项目。 | desc_en: Review of the lectures at CAFA and the lighting renovation project of Jing'an Nanjing Road."" ","""CN_Entities: 中央美术学院;静安南京路;灯光改造;同济大学 | EN_Entities: Central Academy of Fine Arts;Jing'an Nanjing Road;Lighting Renovation;Tongji University"""
,75,20201201_iald_university_plan,2020 IALD大中华「1+N」高校计划,2020 IALD Greater China 1+N University Plan,展览,Exhibition,https://rdilighting.oss-cn-hongkong.aliyuncs.com/news/20201201_iald_university_plan/01.webp, aspect-square,col-span-1 row-span-1,12/1/2020,"""slug: 20201201_iald_university_plan | title_cn: 2020 IALD大中华「1+N」高校计划 | title_en: 2020 IALD Greater China 1+N University Plan | desc_cn: 组织多所高校学生来我司参观，胡国剑先生带来精彩案例分析。 | desc_en: Organized students from multiple universities to visit our company."" ","""CN_Entities: IALD;国际照明设计师协会;白衬衫计划 | EN_Entities: IALD;International Association of Lighting Designers;White Shirt Plan"""
,76,20180502_adesign_award,喜获第四届地产设计大奖金奖后，又斩获一重要国际照明奖项,Won Another Important International Lighting Award After the CREDAWARD Gold,奖项,Award,https://rdilighting.oss-cn-hongkong.aliyuncs.com/news/20180502_adesign_award/01.webp,16:9,col-span-1 row-span-1,5/1/2018,"""slug: 20180502_adesign_award | title_cn: 斩获第四届地产设计大奖金奖与国际大奖 | title_en: Won CREDAWARD Gold and International Design Award | desc_cn: 凭借苏悦广场项目荣获地产设计大奖十大金奖及A’DESIGN AWARD等大奖。 | desc_en: Won Top 10 Gold in CREDAWARD and A'DESIGN AWARD for Suyue Plaza."" ","""CN_Entities: 地产设计大奖;十大金奖;苏悦广场;A'DESIGN AWARD | EN_Entities: CREDAWARD;Top 10 Gold Awards;Suyue Plaza;A'DESIGN AWARD"""
,77,20181115_darc_awards,金地西安西沣公元售楼处及上海恒丰路桥激光装置入围2018 Darc Awards,Xi'an Vanke Sales Center and Hengfeng Road Bridge Nominated for Darc Awards,奖项,Award,https://rdilighting.oss-cn-hongkong.aliyuncs.com/news/20181115_darc_awards/01.webp,16:9,col-span-1 row-span-1,11/1/2018,"""slug: 20181115_darc_awards | title_cn: 两个项目入围2018 Darc Awards | title_en: Two Projects Nominated for 2018 Darc Awards | desc_cn: 金地西安西沣公元售楼处及上海恒丰路桥激光装置荣幸入围照明界奥斯卡。 | desc_en: Two projects were nominated for the Oscars of lighting design."" ","""CN_Entities: Darc Awards;金地西安西沣公元;上海恒丰路桥激光装置 | EN_Entities: Darc Awards;Xi'an Vanke Xifeng Gongyuan;Shanghai Hengfeng Road Bridge Laser Installation"""
,78,20180614_lighting_designer_conference,胡国剑总监参加第七届照明设计师大会,Director Hu Guojian Attended the 7th Lighting Designer Conference,讲座,Lecture,https://rdilighting.oss-cn-hongkong.aliyuncs.com/news/20180614_lighting_designer_conference/01.webp,3:4,col-span-1 row-span-1,6/1/2018,"""slug: 20180614_lighting_designer_conference | title_cn: 参加第七届中国照明设计师大会 | title_en: Attended the 7th China Lighting Designer Conference | desc_cn: 胡国剑总监进行《照明设计师的新机遇和新挑战》主题演讲。 | desc_en: Director Hu gave a keynote speech on the new opportunities and challenges for lighting designers."" ","""CN_Entities: 中国照明设计师大会;媒体立面;照明设计师 | EN_Entities: China Lighting Designer Conference;Media Facade;Lighting Designer"""
,79,20181226_golden_finger_awards,我司荣获2018第八届金手指奖诸多奖项,Won Multiple Awards in the 8th Golden Finger Awards 2018,奖项,Award,https://rdilighting.oss-cn-hongkong.aliyuncs.com/news/20181226_golden_finger_awards/01.webp,16:9,col-span-1 row-span-1,12/1/2018,"""slug: 20181226_golden_finger_awards | title_cn: 我司荣获第八届金手指奖多项荣誉 | title_en: Won Multiple Honors in the 8th Golden Finger Awards | desc_cn: 参加中国美学灯光照明论坛，斩获行业标杆金手指奖多项殊荣。 | desc_en: Attended the China Aesthetic Lighting Forum and won multiple Golden Finger Awards."" ","""CN_Entities: 金手指奖;美学灯光照明论坛;照明新时代 | EN_Entities: Golden Finger Awards;Aesthetic Lighting Forum;New Era of Lighting"""
,80,20180930_hurun_design_award,胡国剑总监获得胡润百富“80后最受青睐的华人设计师奖”,Director Hu Guojian Won the Hurun Most Favored Post-80s Chinese Designer Award,奖项,Award,https://rdilighting.oss-cn-hongkong.aliyuncs.com/news/20180930_hurun_design_award/01.webp,16:9,col-span-1 row-span-1,9/1/2018,"""slug: 20180930_hurun_design_award | title_cn: 胡国剑获得胡润百富“80后最受青睐华人设计师奖” | title_en: Hu Guojian Won the Hurun Most Favored Post-80s Chinese Designer Award | desc_cn: 成为第一批入选胡润百富设计师榜的灯光设计师。 | desc_en: Became one of the first lighting designers to enter the Hurun Designers List."" ","""CN_Entities: 胡润百富;80后最受青睐的华人设计师奖;灯光设计师;阿拉丁神灯奖 | EN_Entities: Hurun Report;Most Favored Post-80s Chinese Designer Award;Lighting Designer;Aladdin Lamp Award"""
,81,20200306_lutron_elite_part2,路创精英汇 “以人为本”是照明设计不变的理念与追求（下篇）,Lutron Elite: People-Oriented is the Constant Pursuit of Lighting Design (Part 2),讲座,Lecture,https://rdilighting.oss-cn-hongkong.aliyuncs.com/news/20200306_lutron_elite_part2/01.webp, aspect-square,col-span-1 row-span-1,3/1/2020,"""slug: 20200306_lutron_elite_part2 | title_cn: 路创精英汇照明理念探讨（下篇） | title_en: Discussion on Lighting Concepts at Lutron Elite (Part 2) | desc_cn: 继续探讨以人为本在高级别照明设计中的深度应用。 | desc_en: Continued discussion on the deep application of human-centric lighting design."" ","""CN_Entities: 路创精英汇;以人为本;照明设计 | EN_Entities: Lutron Elite;Human-Centric;Lighting Design"""
,82,20181204_magnolia_award,以光为荣 沪上花开2018白玉兰照明设计奖,2018 Magnolia Lighting Design Award,奖项,Award,https://rdilighting.oss-cn-hongkong.aliyuncs.com/news/20181204_magnolia_award/01.webp,16:9,col-span-1 row-span-1,12/1/2018,"""slug: 20181204_magnolia_award | title_cn: 入围2018白玉兰照明设计奖 | title_en: Nominated for the 2018 Magnolia Lighting Design Award | desc_cn: 铁狮门苏悦广场及上海自然博物馆项目成功入围上海市照明学会白玉兰奖。 | desc_en: Tishman Speyer Suyue Plaza and Shanghai Natural History Museum nominated for Magnolia Award."" ","""CN_Entities: 白玉兰照明设计奖;上海市照明学会;苏悦广场;上海自然博物馆 | EN_Entities: Magnolia Lighting Design Award;Shanghai Illuminating Engineering Society;Suyue Plaza;Shanghai Natural History Museum"""
,83,20201117_ies_award,沈阳万科首府未来城荣获IES照明奖,Shenyang Vanke Future City Won the IES Illumination Award,奖项,Award,https://rdilighting.oss-cn-hongkong.aliyuncs.com/news/20201117_ies_award/01.webp,16:9,col-span-1 row-span-2,11/1/2020,"""slug: 20201117_ies_award | title_cn: 沈阳万科首府未来城荣获IES照明奖 | title_en: Shenyang Vanke Future City Won the IES Illumination Award | desc_cn: 代表全球最高水平，我司万科未来城项目斩获北美照明工程协会IES大奖。 | desc_en: Representing the global highest level, our project won the IES Illumination Award."" ","""CN_Entities: IES照明奖;沈阳万科首府未来城;北美照明工程协会 | EN_Entities: IES Illumination Awards;Shenyang Vanke Future City;Illuminating Engineering Society"""
,84,20200214_lutron_elite_part1,路创精英汇 “以人为本”是照明设计不变的理念与追求（上篇）,Lutron Elite: People-Oriented is the Constant Pursuit of Lighting Design (Part 1),讲座,Lecture,https://rdilighting.oss-cn-hongkong.aliyuncs.com/news/20200214_lutron_elite_part1/01.webp, aspect-square,col-span-1 row-span-1,2/1/2020,"""slug: 20200214_lutron_elite_part1 | title_cn: 路创精英汇照明理念探讨（上篇） | title_en: Discussion on Lighting Concepts at Lutron Elite (Part 1) | desc_cn: 探讨以人为本在高级别照明设计中的理念。 | desc_en: Discussion on the concept of human-centric lighting design."" ","""CN_Entities: 路创精英汇;以人为本;照明设计 | EN_Entities: Lutron Elite;Human-Centric;Lighting Design"""
,85,20181220_light_revolution_book,热烈庆祝《光之变革》隆重出版,Warmly Celebrate the Publication of Revolution of Light,出版,Publishing,https://rdilighting.oss-cn-hongkong.aliyuncs.com/news/20181220_light_revolution_book/01.webp,3:4,col-span-1 row-span-1,12/1/2018,"""slug: 20181220_light_revolution_book | title_cn: 热烈庆祝《光之变革》隆重出版 | title_en: Celebrate the Publication of Revolution of Light | desc_cn: 我司深度参与《美术馆照明质量评估方法与体系研究报告》的编撰出版。 | desc_en: Our company deeply participated in the compilation and publication of the Art Museum Lighting Research Report."" ","""CN_Entities: 光之变革;美术馆照明;中华艺术宫;上海余德耀美术馆;照明工程学报 | EN_Entities: Revolution of Light;Art Museum Lighting;China Art Museum;Yuz Museum;Journal of Illuminating Engineering"""
,86,20180608_lda_40_under_40,胡国剑总监斩获2018 LDA “40 Under 40”设计师个人奖,Director Hu Won the 2018 LDA 40 Under 40 Designer Award,奖项,Award,https://rdilighting.oss-cn-hongkong.aliyuncs.com/news/20180608_lda_40_under_40/01.webp,16:9,col-span-1 row-span-1,6/1/2018,"""slug: 20180608_lda_40_under_40 | title_cn: 斩获2018英国LDA 40 Under 40大奖 | title_en: Won the 2018 UK LDA 40 Under 40 Award | desc_cn: 胡国剑总监荣膺代表全球最高设计水平的英国照明设计奖(LDA)杰出青年大奖。 | desc_en: Director Hu won the prestigious UK LDA 40 Under 40 Lighting Design Award."" ","""CN_Entities: LDA;40 Under 40;照明设计奖;国际照明设计师协会 | EN_Entities: LDA;40 Under 40;Lighting Design Awards;IALD"""
,87,20181026_cies_committee,中国照明学会室内照明专业委员会委员聘任,Appointed as Committee Member of CIES Indoor Lighting,奖项,Award,https://rdilighting.oss-cn-hongkong.aliyuncs.com/news/20181026_cies_committee/01.webp, aspect-square,col-span-1 row-span-1,10/1/2018,"""slug: 20181026_cies_committee | title_cn: 获聘中国照明学会室内照明专业委员会委员 | title_en: Appointed as Committee Member of CIES Indoor Lighting | desc_cn: 胡国剑总监获聘中国照明学会第七届室内照明专业委员会委员。 | desc_en: Director Hu Guojian was appointed as a member of the 7th CIES Indoor Lighting Committee."" ","""CN_Entities: 中国照明学会;室内照明专业委员会;视知觉现象 | EN_Entities: CIES;Indoor Lighting Committee;Visual Perception Phenomena"""
,88,20180709_outstanding_designer_award,胡国剑总监荣获度杰出照明设计师奖,Director Hu Won the Outstanding Lighting Designer Award,奖项,Award,https://rdilighting.oss-cn-hongkong.aliyuncs.com/news/20180709_outstanding_designer_award/01.webp,16:9,col-span-1 row-span-1,7/1/2018,"""slug: 20180709_outstanding_designer_award | title_cn: 胡国剑荣获杰出照明设计师及卓越贡献大奖 | title_en: Hu Guojian Won Outstanding Lighting Designer and Contribution Awards | desc_cn: 荣获年度杰出照明设计师和年度地产行业卓越设计贡献奖。 | desc_en: Won the Outstanding Lighting Designer of the Year and Excellence in Real Estate Design Contribution Awards."" ","""CN_Entities: 地产建筑师大会;杰出照明设计师;地产行业卓越设计贡献奖 | EN_Entities: Real Estate Architects Conference;Outstanding Lighting Designer;Excellence Design Contribution Award"""
,89,20200915_asian_lighting_award,荣获亚洲照明设计奖优异之光,Won the Asian Lighting Design Award - Light of Excellence,奖项,Award,https://rdilighting.oss-cn-hongkong.aliyuncs.com/news/20200915_asian_lighting_award/01.webp,16:9,col-span-1 row-span-1,9/1/2020,"""slug: 20200915_asian_lighting_award | title_cn: 荣获亚洲照明设计奖优异之光 | title_en: Won the Asian Lighting Design Award - Light of Excellence | desc_cn: 南京融创锦麟融誉府示范区斩获亚洲照明设计大奖。 | desc_en: Nanjing Sunac Jinlin Rongyu Mansion Demonstration Area won the Asian Lighting Design Award."" ","""CN_Entities: 亚洲照明设计奖;优异之光;AALD;南京融创锦麟融誉府 | EN_Entities: Asian Lighting Design Award;Light of Excellence;AALD;Nanjing Sunac Jinlin Rongyu Mansion"""
,90,20201126_art_exhibition,秋冬看展好去处～,Great Places to Visit Art Exhibitions in Autumn and Winter,展览,Exhibition,https://rdilighting.oss-cn-hongkong.aliyuncs.com/news/20201126_art_exhibition/01.webp,3:4,col-span-1 row-span-1,11/1/2020,"""slug: 20201126_art_exhibition | title_cn: 秋冬上海看展好去处 | title_en: Great Places for Art Exhibitions in Shanghai | desc_cn: 金秋沪上展览连绵不断，带您游历上海不可错过的绝佳艺术大展。 | desc_en: Taking you to visit the unmissable art exhibitions in Shanghai during autumn."" ","""CN_Entities: 艺术展;艺术爱好者;案例分享 | EN_Entities: Art Exhibition;Art Lovers;Case Sharing"""
,91,20190522_aladdin_lamp_award,上海静安南北高架景观照明及上海大学路莫比乌斯环喜获阿拉丁神灯奖优秀奖,Jing'an Viaduct and Daxue Road Mobius Ring Won Aladdin Lamp Awards,奖项,Award,https://rdilighting.oss-cn-hongkong.aliyuncs.com/news/20190522_aladdin_lamp_award/01.webp,16:9,col-span-1 row-span-1,5/1/2019,"""slug: 20190522_aladdin_lamp_award | title_cn: 两大项目喜获阿拉丁神灯大奖 | title_en: Two Projects Won Aladdin Lamp Awards | desc_cn: 上海静安南北高架与莫比乌斯环项目斩获照明界权威奖项阿拉丁神灯奖。 | desc_en: Two signature lighting projects won the authoritative Aladdin Lamp Award."" ","""CN_Entities: 阿拉丁神灯奖;南北高架景观照明;莫比乌斯环;光技术与艺术 | EN_Entities: Aladdin Lamp Award;North-South Viaduct Landscape Lighting;Mobius Ring;Light Technology and Art"""
,92,20201019_golden_finger_champion,金绮樱获得2020金手指奖-冠军设计师,Jin Qiying Won the 2020 Golden Finger Award Champion Designer,奖项,Award,https://rdilighting.oss-cn-hongkong.aliyuncs.com/news/20201019_golden_finger_champion/01.webp,16:9,col-span-1 row-span-1,10/1/2020,"""slug: 20201019_golden_finger_champion | title_cn: 金绮樱斩获2020金手指奖冠军设计师 | title_en: Jin Qiying Won the 2020 Golden Finger Award Champion Designer | desc_cn: 我司项目经理金绮樱凭艺术空间照明理念斩获金手指奖全国冠军设计师。 | desc_en: Project Manager Jin Qiying won the national Champion Designer of the Golden Finger Award."" ","""CN_Entities: 金手指奖;冠军设计师;艺术空间光的维度;上海西岸美术馆;北京X美术馆 | EN_Entities: Golden Finger Award;Champion Designer;Dimension of Light in Art Space;West Bund Museum;Beijing X Museum"""
,93,20190428_credaward_xifeng,金地西安西沣公元售楼处喜获第五届地产设计大奖优秀奖,Xi'an Vanke Sales Center Won the 5th CREDAWARD Excellence Award,奖项,Award,https://rdilighting.oss-cn-hongkong.aliyuncs.com/news/20190428_credaward_xifeng/01.webp,16:9,col-span-1 row-span-1,4/1/2019,"""slug: 20190428_credaward_xifeng | title_cn: 西安售楼处荣获地产设计大奖 | title_en: Xi'an Sales Center Won CREDAWARD | desc_cn: 强宏博总监做作品演说，金地西安西沣公元斩获第五届地产设计优秀奖。 | desc_en: Director Qiang Hongbo presented the project which won the 5th CREDAWARD Excellence Award."" ","""CN_Entities: 地产设计大奖;CREDAWARD;金地西安西沣公元售楼处 | EN_Entities: CREDAWARD;Real Estate Design Award;Xi'an Vanke Xifeng Gongyuan Sales Center"""
,94,20181211_magnolia_multiple_awards,我司荣获2018白玉兰照明设计奖诸多奖项,Won Multiple 2018 Magnolia Lighting Design Awards,奖项,Award,https://rdilighting.oss-cn-hongkong.aliyuncs.com/news/20181211_magnolia_multiple_awards/01.webp,16:9,col-span-1 row-span-1,12/1/2018,"""slug: 20181211_magnolia_multiple_awards | title_cn: 荣获2018白玉兰照明设计诸多奖项 | title_en: Won Multiple 2018 Magnolia Lighting Design Awards | desc_cn: 上海自然博物馆及苏悦广场分别荣获白玉兰大奖二等奖和三等奖。 | desc_en: Shanghai Natural History Museum and Suyue Plaza won multiple Magnolia Awards."" ","""CN_Entities: 白玉兰照明奖;上海市照明学会;上海自然博物馆;白玉兰优秀照明设计师奖 | EN_Entities: Magnolia Lighting Award;Shanghai Illuminating Engineering Society;Shanghai Natural History Museum;Excellent Lighting Designer Award"""
,95,20201014_aald_ceremony,第16届亚洲照明设计颁奖盛典,The 16th Asian Lighting Design Awards Ceremony,奖项,Award,https://rdilighting.oss-cn-hongkong.aliyuncs.com/news/20201014_aald_ceremony/01.webp, aspect-square,col-span-1 row-span-1,10/1/2020,"""slug: 20201014_aald_ceremony | title_cn: 参加第16届亚洲照明设计颁奖盛典 | title_en: Attended the 16th Asian Lighting Design Awards Ceremony | desc_cn: 强宏博总监亲临颁奖现场见证融创锦麟项目优异之光荣誉时刻。 | desc_en: Director Qiang Hongbo attended the ceremony witnessing the honorary moment of the Sunac project."" ","""CN_Entities: 亚洲照明设计奖;AALD;优异之光;强宏博 | EN_Entities: Asian Lighting Design Awards;AALD;Light of Excellence;Qiang Hongbo"""
,96,20201116_indoor_lighting_forum,2020中国室内照明论坛,2020 China Indoor Lighting Forum,讲座,Lecture,https://rdilighting.oss-cn-hongkong.aliyuncs.com/news/20201116_indoor_lighting_forum/01.webp, aspect-square,col-span-1 row-span-1,11/1/2020,"""slug: 20201116_indoor_lighting_forum | title_cn: 胡总受邀参加中国室内照明论坛 | title_en: Invited to the China Indoor Lighting Forum | desc_cn: 胡国剑总监作为室内照明专业委员会委员应邀参加此次学术盛宴。 | desc_en: Director Hu Guojian was invited to attend this academic feast as a committee member."" ","""CN_Entities: 中国室内照明论坛;中国照明学会室内照明专业委员会;学术盛宴 | EN_Entities: China Indoor Lighting Forum;CIES Indoor Lighting Committee;Academic Feast"""
